{"files":["cover.html","LICENSE.html","preface.html","contributors.html","introduction.html","toc.html","1-introduction.html","1-git-basics.html","1-git-branching.html","1-git-server.html","1-distributed-git.html","1-github.html","1-git-tools.html","1-customizing-git.html","1-git-and-other-scms.html","1-git-internals.html","1-git-other-environments.html","1-embedding-git.html","1-git-commands.html","index.html"],"titles":{"cover.html":"","LICENSE.html":"","preface.html":"Scott Chacon 序","contributors.html":"贡献者","introduction.html":"引言","toc.html":"","1-introduction.html":"起步","1-git-basics.html":"Git 基础","1-git-branching.html":"Git 分支","1-git-server.html":"服务器上的 Git","1-distributed-git.html":"分布式 Git","1-github.html":"GitHub","1-git-tools.html":"Git 工具","1-customizing-git.html":"自定义 Git","1-git-and-other-scms.html":"Git 与其他系统","1-git-internals.html":"Git 内部原理","1-git-other-environments.html":"其它环境中的 Git","1-embedding-git.html":"将 Git 嵌入你的应用","1-git-commands.html":"Git 命令","index.html":"Index"},"navigation":{"navigation":[{"id":"scott-chacon-ep4f6","type":"preface","href":"preface.html","label":"Scott Chacon 序","children":[]},{"id":"ben-straub-e3mfw","type":"preface","href":"preface.html","label":"Ben Straub 序","children":[]},{"id":"-eZWf9","type":"preface","href":"preface.html","label":"献辞","children":[]},{"id":"-mQkUJ","type":"preface","href":"contributors.html","label":"贡献者","children":[]},{"id":"-GerHw","type":"preface","href":"introduction.html","label":"引言","children":[]},{"id":"_getting_started","type":"chapter","href":"1-introduction.html","label":"起步","children":[{"id":"-BDHOf9","type":"sect1","href":"1-introduction.html#-BDHOf9","label":"关于版本控制","children":[{"id":"-EDHoUOf2","type":"sect2","href":"1-introduction.html#-EDHoUOf2","label":"本地版本控制系统"},{"id":"-zxHNuOfk","type":"sect2","href":"1-introduction.html#-zxHNuOfk","label":"集中化的版本控制系统"},{"id":"-PlHMT6fA","type":"sect2","href":"1-introduction.html#-PlHMT6fA","label":"分布式版本控制系统"}]},{"id":"git-5xHJUG","type":"sect1","href":"1-introduction.html#git-5xHJUG","label":"Git 简史","children":[]},{"id":"git-edHxu5","type":"sect1","href":"1-introduction.html#git-edHxu5","label":"Git 基础","children":[{"id":"-zxHVfbuk","type":"sect2","href":"1-introduction.html#-zxHVfbuk","label":"直接记录快照，而非差异比较"},{"id":"-PlH8UQuA","type":"sect2","href":"1-introduction.html#-PlH8UQuA","label":"近乎所有操作都是本地执行"},{"id":"git-qmH4uDud","type":"sect2","href":"1-introduction.html#git-qmH4uDud","label":"Git 保证完整性"},{"id":"git-7wHgTruq","type":"sect2","href":"1-introduction.html#git-7wHgTruq","label":"Git 一般只添加数据"},{"id":"-ReHMS4ux","type":"sect2","href":"1-introduction.html#-ReHMS4ux","label":"三种状态"}]},{"id":"-EDHxTe","type":"sect1","href":"1-introduction.html#-EDHxTe","label":"命令行","children":[]},{"id":"git-zxHMSJ","type":"sect1","href":"1-introduction.html#git-zxHMSJ","label":"安装 Git","children":[{"id":"linux-7wHqUZSq","type":"sect2","href":"1-introduction.html#linux-7wHqUZSq","label":"在 Linux 上安装"},{"id":"mac-ReHdugSx","type":"sect2","href":"1-introduction.html#mac-ReHdugSx","label":"在 Mac 上安装"},{"id":"windows-kJHETkS1","type":"sect2","href":"1-introduction.html#windows-kJHETkS1","label":"在 Windows 上安装"},{"id":"-WlHkSzSJ","type":"sect2","href":"1-introduction.html#-WlHkSzSJ","label":"从源代码安装"}]},{"id":"_first_time","type":"sect1","href":"1-introduction.html#_first_time","label":"初次运行 Git 前的配置","children":[{"id":"-xoHdSws7","type":"sect2","href":"1-introduction.html#-xoHdSws7","label":"用户信息"},{"id":"-ADHks5sy","type":"sect2","href":"1-introduction.html#-ADHks5sy","label":"文本编辑器"},{"id":"-mmHaIMsY","type":"sect2","href":"1-introduction.html#-mmHaIMsY","label":"检查配置信息"}]},{"id":"_git_help","type":"sect1","href":"1-introduction.html#_git_help","label":"获取帮助","children":[]},{"id":"-7wHJtN","type":"sect1","href":"1-introduction.html#-7wHJtN","label":"总结","children":[]}]},{"id":"_git_basics_chapter","type":"chapter","href":"1-git-basics.html","label":"Git 基础","children":[{"id":"_getting_a_repo","type":"sect1","href":"1-git-basics.html#_getting_a_repo","label":"获取 Git 仓库","children":[{"id":"-NkteiLie","type":"sect2","href":"1-git-basics.html#-NkteiLie","label":"在现有目录中初始化仓库"},{"id":"_git_cloning","type":"sect2","href":"1-git-basics.html#_git_cloning","label":"克隆现有的仓库"}]},{"id":"-a6tesP","type":"sect1","href":"1-git-basics.html#-a6tesP","label":"记录每次更新到仓库","children":[{"id":"_checking_status","type":"sect2","href":"1-git-basics.html#_checking_status","label":"检查当前文件状态"},{"id":"_tracking_files","type":"sect2","href":"1-git-basics.html#_tracking_files","label":"跟踪新文件"},{"id":"-l4tbIosG","type":"sect2","href":"1-git-basics.html#-l4tbIosG","label":"暂存已修改文件"},{"id":"-7mt0fys1","type":"sect2","href":"1-git-basics.html#-7mt0fys1","label":"状态简览"},{"id":"_ignoring","type":"sect2","href":"1-git-basics.html#_ignoring","label":"忽略文件"},{"id":"_git_diff_staged","type":"sect2","href":"1-git-basics.html#_git_diff_staged","label":"查看已暂存和未暂存的修改"},{"id":"_committing_changes","type":"sect2","href":"1-git-basics.html#_committing_changes","label":"提交更新"},{"id":"-K8tMFJsg","type":"sect2","href":"1-git-basics.html#-K8tMFJsg","label":"跳过使用暂存区域"},{"id":"_removing_files","type":"sect2","href":"1-git-basics.html#_removing_files","label":"移除文件"},{"id":"_git_mv","type":"sect2","href":"1-git-basics.html#_git_mv","label":"移动文件"}]},{"id":"_viewing_history","type":"sect1","href":"1-git-basics.html#_viewing_history","label":"查看提交历史","children":[{"id":"-RetVtluY","type":"sect2","href":"1-git-basics.html#-RetVtluY","label":"限制输出长度"}]},{"id":"_undoing","type":"sect1","href":"1-git-basics.html#_undoing","label":"撤消操作","children":[{"id":"_unstaging","type":"sect2","href":"1-git-basics.html#_unstaging","label":"取消暂存的文件"},{"id":"-K8t5cgTg","type":"sect2","href":"1-git-basics.html#-K8t5cgTg","label":"撤消对文件的修改"}]},{"id":"_remote_repos","type":"sect1","href":"1-git-basics.html#_remote_repos","label":"远程仓库的使用","children":[{"id":"-m3tRiEHa","type":"sect2","href":"1-git-basics.html#-m3tRiEHa","label":"查看远程仓库"},{"id":"-ZRtjsPHw","type":"sect2","href":"1-git-basics.html#-ZRtjsPHw","label":"添加远程仓库"},{"id":"_fetching_and_pulling","type":"sect2","href":"1-git-basics.html#_fetching_and_pulling","label":"从远程仓库中抓取与拉取"},{"id":"_pushing_remotes","type":"sect2","href":"1-git-basics.html#_pushing_remotes","label":"推送到远程仓库"},{"id":"_inspecting_remote","type":"sect2","href":"1-git-basics.html#_inspecting_remote","label":"查看远程仓库"},{"id":"-2at8IdHV","type":"sect2","href":"1-git-basics.html#-2at8IdHV","label":"远程仓库的移除与重命名"}]},{"id":"_git_tagging","type":"sect1","href":"1-git-basics.html#_git_tagging","label":"打标签","children":[{"id":"-ZRtyijIw","type":"sect2","href":"1-git-basics.html#-ZRtyijIw","label":"列出标签"},{"id":"-l4tYslIG","type":"sect2","href":"1-git-basics.html#-l4tYslIG","label":"创建标签"},{"id":"_annotated_tags","type":"sect2","href":"1-git-basics.html#_annotated_tags","label":"附注标签"},{"id":"-b6t5TxI1","type":"sect2","href":"1-git-basics.html#-b6t5TxI1","label":"轻量标签"},{"id":"-2atMHeIV","type":"sect2","href":"1-git-basics.html#-2atMHeIV","label":"后期打标签"},{"id":"_sharing_tags","type":"sect2","href":"1-git-basics.html#_sharing_tags","label":"共享标签"},{"id":"-K8t9fAIg","type":"sect2","href":"1-git-basics.html#-K8t9fAIg","label":"检出标签"}]},{"id":"_git_aliases","type":"sect1","href":"1-git-basics.html#_git_aliases","label":"Git 别名","children":[]},{"id":"-ZRtEU4","type":"sect1","href":"1-git-basics.html#-ZRtEU4","label":"总结","children":[]}]},{"id":"_git_branching","type":"chapter","href":"1-git-branching.html","label":"Git 分支","children":[{"id":"_git_branches_overview","type":"sect1","href":"1-git-branching.html#_git_branches_overview","label":"分支简介","children":[{"id":"_create_new_branch","type":"sect2","href":"1-git-branching.html#_create_new_branch","label":"分支创建"},{"id":"_switching_branches","type":"sect2","href":"1-git-branching.html#_switching_branches","label":"分支切换"}]},{"id":"-QjtQTA","type":"sect1","href":"1-git-branching.html#-QjtQTA","label":"分支的新建与合并","children":[{"id":"_basic_branching","type":"sect2","href":"1-git-branching.html#_basic_branching","label":"新建分支"},{"id":"_basic_merging","type":"sect2","href":"1-git-branching.html#_basic_merging","label":"分支的合并"},{"id":"_basic_merge_conflicts","type":"sect2","href":"1-git-branching.html#_basic_merge_conflicts","label":"遇到冲突时的分支合并"}]},{"id":"_branch_management","type":"sect1","href":"1-git-branching.html#_branch_management","label":"分支管理","children":[]},{"id":"-bqtwsx","type":"sect1","href":"1-git-branching.html#-bqtwsx","label":"分支开发工作流","children":[{"id":"-x5t7Hwsm","type":"sect2","href":"1-git-branching.html#-x5t7Hwsm","label":"长期分支"},{"id":"_topic_branch","type":"sect2","href":"1-git-branching.html#_topic_branch","label":"特性分支"}]},{"id":"_remote_branches","type":"sect1","href":"1-git-branching.html#_remote_branches","label":"远程分支","children":[{"id":"_pushing_branches","type":"sect2","href":"1-git-branching.html#_pushing_branches","label":"推送"},{"id":"_tracking_branches","type":"sect2","href":"1-git-branching.html#_tracking_branches","label":"跟踪分支"},{"id":"-YPteuBIg","type":"sect2","href":"1-git-branching.html#-YPteuBIg","label":"拉取"},{"id":"_delete_branches","type":"sect2","href":"1-git-branching.html#_delete_branches","label":"删除远程分支"}]},{"id":"_rebasing","type":"sect1","href":"1-git-branching.html#_rebasing","label":"变基","children":[{"id":"-Jpt3HAfl","type":"sect2","href":"1-git-branching.html#-Jpt3HAfl","label":"变基的基本操作"},{"id":"-1GtbuxfN","type":"sect2","href":"1-git-branching.html#-1GtbuxfN","label":"更有趣的变基例子"},{"id":"_rebase_peril","type":"sect2","href":"1-git-branching.html#_rebase_peril","label":"变基的风险"},{"id":"_rebase_rebase","type":"sect2","href":"1-git-branching.html#_rebase_rebase","label":"用变基解决变基"},{"id":"vs-VPtgskfd","type":"sect2","href":"1-git-branching.html#vs-VPtgskfd","label":"变基 vs. 合并"}]},{"id":"-M2t8Uk","type":"sect1","href":"1-git-branching.html#-M2t8Uk","label":"总结","children":[]}]},{"id":"git-4pvtD","type":"chapter","href":"1-git-server.html","label":"服务器上的 Git","children":[{"id":"-bvtxI1","type":"sect1","href":"1-git-server.html#-bvtxI1","label":"协议","children":[{"id":"-JptzikIG","type":"sect2","href":"1-git-server.html#-JptzikIG","label":"本地协议"},{"id":"http-W5t0HmIn","type":"sect2","href":"1-git-server.html#http-W5t0HmIn","label":"HTTP 协议"},{"id":"ssh-6kt1hYIN","type":"sect2","href":"1-git-server.html#ssh-6kt1hYIN","label":"SSH 协议"},{"id":"git-wVtqIPI1","type":"sect2","href":"1-git-server.html#git-wVtqIPI1","label":"Git 协议"}]},{"id":"_git_on_the_server","type":"sect1","href":"1-git-server.html#_git_on_the_server","label":"在服务器上搭建 Git","children":[{"id":"_bare_repo","type":"sect2","href":"1-git-server.html#_bare_repo","label":"把裸仓库放到服务器上"},{"id":"-KNt1cLTB","type":"sect2","href":"1-git-server.html#-KNt1cLTB","label":"小型安装"}]},{"id":"_generate_ssh_key","type":"sect1","href":"1-git-server.html#_generate_ssh_key","label":"生成 SSH 公钥","children":[]},{"id":"_setting_up_server","type":"sect1","href":"1-git-server.html#_setting_up_server","label":"配置服务器","children":[]},{"id":"git-6ktnUE","type":"sect1","href":"1-git-server.html#git-6ktnUE","label":"Git 守护进程","children":[]},{"id":"smart-http-wVt6cr","type":"sect1","href":"1-git-server.html#smart-http-wVt6cr","label":"Smart HTTP","children":[]},{"id":"gitweb-D0tJtP","type":"sect1","href":"1-git-server.html#gitweb-D0tJtP","label":"GitWeb","children":[]},{"id":"gitlab-lotZFY","type":"sect1","href":"1-git-server.html#gitlab-lotZFY","label":"GitLab","children":[{"id":"-YRtniBFo","type":"sect2","href":"1-git-server.html#-YRtniBFo","label":"安装"},{"id":"-NgtnHJFR","type":"sect2","href":"1-git-server.html#-NgtnHJFR","label":"管理"},{"id":"-KNt0hvFB","type":"sect2","href":"1-git-server.html#-KNt0hvFB","label":"基本用途"},{"id":"-01tMIWFJ","type":"sect2","href":"1-git-server.html#-01tMIWFJ","label":"一起工作"}]},{"id":"-58tVCL","type":"sect1","href":"1-git-server.html#-58tVCL","label":"第三方托管的选择","children":[]},{"id":"-YRt5sJ","type":"sect1","href":"1-git-server.html#-YRt5sJ","label":"总结","children":[]}]},{"id":"_distributed_git","type":"chapter","href":"1-distributed-git.html","label":"分布式 Git","children":[{"id":"-nGI0cM","type":"sect1","href":"1-distributed-git.html#-nGI0cM","label":"分布式工作流程","children":[{"id":"-B3InSxcg","type":"sect2","href":"1-distributed-git.html#-B3InSxcg","label":"集中式工作流"},{"id":"_integration_manager","type":"sect2","href":"1-distributed-git.html#_integration_manager","label":"集成管理者工作流"},{"id":"-vRIxHgcB","type":"sect2","href":"1-distributed-git.html#-vRIxHgcB","label":"司令官与副官工作流"},{"id":"-20IvuacG","type":"sect2","href":"1-distributed-git.html#-20IvuacG","label":"工作流程总结"}]},{"id":"_contributing_project","type":"sect1","href":"1-distributed-git.html#_contributing_project","label":"向一个项目贡献","children":[{"id":"_commit_guidelines","type":"sect2","href":"1-distributed-git.html#_commit_guidelines","label":"提交准则"},{"id":"_private_team","type":"sect2","href":"1-distributed-git.html#_private_team","label":"私有小型团队"},{"id":"-lrINixHR","type":"sect2","href":"1-distributed-git.html#-lrINixHR","label":"私有管理团队"},{"id":"_public_project","type":"sect2","href":"1-distributed-git.html#_public_project","label":"派生的公开项目"},{"id":"_project_over_email","type":"sect2","href":"1-distributed-git.html#_project_over_email","label":"通过邮件的公开项目"},{"id":"-wrIpIBH9","type":"sect2","href":"1-distributed-git.html#-wrIpIBH9","label":"总结"}]},{"id":"-B3I6u5","type":"sect1","href":"1-distributed-git.html#-B3I6u5","label":"维护项目","children":[{"id":"-vRIJSzuB","type":"sect2","href":"1-distributed-git.html#-vRIJSzuB","label":"在特性分支中工作"},{"id":"_patches_from_email","type":"sect2","href":"1-distributed-git.html#_patches_from_email","label":"应用来自邮件的补丁"},{"id":"_checking_out_remotes","type":"sect2","href":"1-distributed-git.html#_checking_out_remotes","label":"检出远程分支"},{"id":"_what_is_introduced","type":"sect2","href":"1-distributed-git.html#_what_is_introduced","label":"确定引入了哪些东西"},{"id":"-3gIMTpua","type":"sect2","href":"1-distributed-git.html#-3gIMTpua","label":"将贡献的工作整合进来"},{"id":"_tagging_releases","type":"sect2","href":"1-distributed-git.html#_tagging_releases","label":"为发布打标签"},{"id":"_build_number","type":"sect2","href":"1-distributed-git.html#_build_number","label":"生成一个构建号"},{"id":"_preparing_release","type":"sect2","href":"1-distributed-git.html#_preparing_release","label":"准备一次发布"},{"id":"_the_shortlog","type":"sect2","href":"1-distributed-git.html#_the_shortlog","label":"制作提交简报"}]},{"id":"-o9IBTd","type":"sect1","href":"1-distributed-git.html#-o9IBTd","label":"总结","children":[]}]},{"id":"_github","type":"chapter","href":"1-github.html","label":"GitHub","children":[{"id":"-PztOTZ","type":"sect1","href":"1-github.html#-PztOTZ","label":"账户的创建和配置","children":[{"id":"ssh-X3txheT5","type":"sect2","href":"1-github.html#ssh-X3txheT5","label":"SSH 访问"},{"id":"_personal_avatar","type":"sect2","href":"1-github.html#_personal_avatar","label":"头像"},{"id":"-46tvHYTR","type":"sect2","href":"1-github.html#-46tvHYTR","label":"邮件地址"},{"id":"-QWtoUxT8","type":"sect2","href":"1-github.html#-QWtoUxT8","label":"两步验证"}]},{"id":"-YjtehW","type":"sect1","href":"1-github.html#-YjtehW","label":"对项目做出贡献","children":[{"id":"fork-DPtzsZhw","type":"sect2","href":"1-github.html#fork-DPtzsZhw","label":"派生（Fork）项目"},{"id":"_github_flow","type":"sect2","href":"1-github.html#_github_flow","label":"GitHub 流程"},{"id":"-eNtYIlh5","type":"sect2","href":"1-github.html#-eNtYIlh5","label":"合并请求的进阶用法"},{"id":"markdown-X3tXTvh5","type":"sect2","href":"1-github.html#markdown-X3tXTvh5","label":"Markdown"}]},{"id":"_maintaining_gh_project","type":"sect1","href":"1-github.html#_maintaining_gh_project","label":"维护项目","children":[{"id":"-Botksgug","type":"sect2","href":"1-github.html#-Botksgug","label":"创建新的版本库"},{"id":"-eNt5f1u5","type":"sect2","href":"1-github.html#-eNt5f1u5","label":"添加合作者"},{"id":"-X3tNIYu5","type":"sect2","href":"1-github.html#-X3tNIYu5","label":"管理合并请求"},{"id":"-6RtXTYuk","type":"sect2","href":"1-github.html#-6RtXTYuk","label":"提醒和通知"},{"id":"-46t1hQuR","type":"sect2","href":"1-github.html#-46t1hQuR","label":"通知页面"},{"id":"-QWt7uOu8","type":"sect2","href":"1-github.html#-QWt7uOu8","label":"网页通知"},{"id":"-8dtGH1un","type":"sect2","href":"1-github.html#-8dtGH1un","label":"邮件通知"},{"id":"-2DtoUeuY","type":"sect2","href":"1-github.html#-2DtoUeuY","label":"特殊文件"},{"id":"readme-l6t4cMuw","type":"sect2","href":"1-github.html#readme-l6t4cMuw","label":"README"},{"id":"contributing-LltKtkuv","type":"sect2","href":"1-github.html#contributing-LltKtkuv","label":"贡献 CONTRIBUTING"},{"id":"-o6t7FZu8","type":"sect2","href":"1-github.html#-o6t7FZu8","label":"项目管理"}]},{"id":"_github_orgs","type":"sect1","href":"1-github.html#_github_orgs","label":"管理组织","children":[{"id":"-eNtjs7H5","type":"sect2","href":"1-github.html#-eNtjs7H5","label":"组织的基本知识"},{"id":"-X3tmflH5","type":"sect2","href":"1-github.html#-X3tmflH5","label":"团队"},{"id":"-6Rt3IVHk","type":"sect2","href":"1-github.html#-6Rt3IVHk","label":"审计日志"}]},{"id":"github-Bot8UJ","type":"sect1","href":"1-github.html#github-Bot8UJ","label":"脚本 GitHub","children":[{"id":"-6RtEfaUk","type":"sect2","href":"1-github.html#-6RtEfaUk","label":"钩子"},{"id":"github-api-46tPIbUR","type":"sect2","href":"1-github.html#github-api-46tPIbUR","label":"GitHub API"},{"id":"-QWt8T8U8","type":"sect2","href":"1-github.html#-QWt8T8U8","label":"基本用途"},{"id":"-8dt7hAUn","type":"sect2","href":"1-github.html#-8dt7hAUn","label":"在一个问题上评论"},{"id":"pull-request-2DtLu4UY","type":"sect2","href":"1-github.html#pull-request-2DtLu4UY","label":"修改 Pull Request 的状态"},{"id":"octokit-l6tgHJUw","type":"sect2","href":"1-github.html#octokit-l6tgHJUw","label":"Octokit"}]},{"id":"-eNtRcV","type":"sect1","href":"1-github.html#-eNtRcV","label":"总结","children":[]}]},{"id":"_git_tools","type":"chapter","href":"1-git-tools.html","label":"Git 工具","children":[{"id":"_revision_selection","type":"sect1","href":"1-git-tools.html#_revision_selection","label":"选择修订版本","children":[{"id":"-oetdHKSV","type":"sect2","href":"1-git-tools.html#-oetdHKSV","label":"单个修订版本"},{"id":"sha-1-eetQSESn","type":"sect2","href":"1-git-tools.html#sha-1-eetQSESn","label":"简短的 SHA-1"},{"id":"_branch_references","type":"sect2","href":"1-git-tools.html#_branch_references","label":"分支引用"},{"id":"_git_reflog","type":"sect2","href":"1-git-tools.html#_git_reflog","label":"引用日志"},{"id":"-3vtys4SA","type":"sect2","href":"1-git-tools.html#-3vtys4SA","label":"祖先引用"},{"id":"_commit_ranges","type":"sect2","href":"1-git-tools.html#_commit_ranges","label":"提交区间"}]},{"id":"_interactive_staging","type":"sect1","href":"1-git-tools.html#_interactive_staging","label":"交互式暂存","children":[{"id":"-3vtDI6hA","type":"sect2","href":"1-git-tools.html#-3vtDI6hA","label":"暂存与取消暂存文件"},{"id":"-z6tos6h6","type":"sect2","href":"1-git-tools.html#-z6tos6h6","label":"暂存补丁"}]},{"id":"_git_stashing","type":"sect1","href":"1-git-tools.html#_git_stashing","label":"储藏与清理","children":[{"id":"-OmtGSGIk","type":"sect2","href":"1-git-tools.html#-OmtGSGIk","label":"储藏工作"},{"id":"-3vtohVIA","type":"sect2","href":"1-git-tools.html#-3vtohVIA","label":"创造性的储藏"},{"id":"-z6tzIxI6","type":"sect2","href":"1-git-tools.html#-z6tzIxI6","label":"从储藏创建一个分支"},{"id":"_git_clean","type":"sect2","href":"1-git-tools.html#_git_clean","label":"清理工作目录"}]},{"id":"_signing","type":"sect1","href":"1-git-tools.html#_signing","label":"签署工作","children":[{"id":"gpg-Omt3HAsk","type":"sect2","href":"1-git-tools.html#gpg-Omt3HAsk","label":"GPG 介绍"},{"id":"-3vt0SgsA","type":"sect2","href":"1-git-tools.html#-3vt0SgsA","label":"签署标签"},{"id":"-z6t9h8s6","type":"sect2","href":"1-git-tools.html#-z6t9h8s6","label":"验证标签"},{"id":"_signing_commits","type":"sect2","href":"1-git-tools.html#_signing_commits","label":"签署提交"},{"id":"-rEtGsBsg","type":"sect2","href":"1-git-tools.html#-rEtGsBsg","label":"每个人必须签署"}]},{"id":"_searching","type":"sect1","href":"1-git-tools.html#_searching","label":"搜索","children":[{"id":"_git_grep","type":"sect2","href":"1-git-tools.html#_git_grep","label":"Git Grep"},{"id":"git-z6tnSPT6","type":"sect2","href":"1-git-tools.html#git-z6tnSPT6","label":"Git 日志搜索"}]},{"id":"_rewriting_history","type":"sect1","href":"1-git-tools.html#_rewriting_history","label":"重写历史","children":[{"id":"_git_amend","type":"sect2","href":"1-git-tools.html#_git_amend","label":"修改最后一次提交"},{"id":"_changing_multiple","type":"sect2","href":"1-git-tools.html#_changing_multiple","label":"修改多个提交信息"},{"id":"-YXtMIYf1","type":"sect2","href":"1-git-tools.html#-YXtMIYf1","label":"重新排序提交"},{"id":"_squashing","type":"sect2","href":"1-git-tools.html#_squashing","label":"压缩提交"},{"id":"-J4trTyfR","type":"sect2","href":"1-git-tools.html#-J4trTyfR","label":"拆分提交"},{"id":"filter-branch-X7t0fqfD","type":"sect2","href":"1-git-tools.html#filter-branch-X7t0fqfD","label":"核武器级选项：filter-branch"}]},{"id":"_git_reset","type":"sect1","href":"1-git-tools.html#_git_reset","label":"重置揭密","children":[{"id":"-BdtBHGUx","type":"sect2","href":"1-git-tools.html#-BdtBHGUx","label":"三棵树"},{"id":"-rEt0SlUg","type":"sect2","href":"1-git-tools.html#-rEt0SlUg","label":"工作流程"},{"id":"-YXtnhoU1","type":"sect2","href":"1-git-tools.html#-YXtnhoU1","label":"重置的作用"},{"id":"-M4tyIKUG","type":"sect2","href":"1-git-tools.html#-M4tyIKUG","label":"通过路径来重置"},{"id":"-J4txs3UR","type":"sect2","href":"1-git-tools.html#-J4txs3UR","label":"压缩"},{"id":"-X7t3TyUD","type":"sect2","href":"1-git-tools.html#-X7t3TyUD","label":"检出"},{"id":"-4dtpfbU1","type":"sect2","href":"1-git-tools.html#-4dtpfbU1","label":"总结"}]},{"id":"_advanced_merging","type":"sect1","href":"1-git-tools.html#_advanced_merging","label":"高级合并","children":[{"id":"-M4tJhVcG","type":"sect2","href":"1-git-tools.html#-M4tJhVcG","label":"合并冲突"},{"id":"_undoing_merges","type":"sect2","href":"1-git-tools.html#_undoing_merges","label":"撤消合并"},{"id":"-X7tasEcD","type":"sect2","href":"1-git-tools.html#-X7tasEcD","label":"其他类型的合并"}]},{"id":"_rerere","type":"sect1","href":"1-git-tools.html#_rerere","label":"Rerere","children":[]},{"id":"git-rEt4F3","type":"sect1","href":"1-git-tools.html#git-rEt4F3","label":"使用 Git 调试","children":[{"id":"_file_annotation","type":"sect2","href":"1-git-tools.html#_file_annotation","label":"文件标注"},{"id":"_binary_search","type":"sect2","href":"1-git-tools.html#_binary_search","label":"二分查找"}]},{"id":"_git_submodules","type":"sect1","href":"1-git-tools.html#_git_submodules","label":"子模块","children":[{"id":"_starting_submodules","type":"sect2","href":"1-git-tools.html#_starting_submodules","label":"开始使用子模块"},{"id":"_cloning_submodules","type":"sect2","href":"1-git-tools.html#_cloning_submodules","label":"克隆含有子模块的项目"},{"id":"-PEtJsPCY","type":"sect2","href":"1-git-tools.html#-PEtJsPCY","label":"在包含子模块的项目上工作"},{"id":"-p0tGTrCE","type":"sect2","href":"1-git-tools.html#-p0tGTrCE","label":"子模块技巧"},{"id":"-9EtJfxCB","type":"sect2","href":"1-git-tools.html#-9EtJfxCB","label":"子模块的问题"}]},{"id":"_bundling","type":"sect1","href":"1-git-tools.html#_bundling","label":"打包","children":[]},{"id":"_replace","type":"sect1","href":"1-git-tools.html#_replace","label":"替换","children":[]},{"id":"_credential_caching","type":"sect1","href":"1-git-tools.html#_credential_caching","label":"凭证存储","children":[{"id":"-net7cGHR","type":"sect2","href":"1-git-tools.html#-net7cGHR","label":"底层实现"},{"id":"-EEtatdHY","type":"sect2","href":"1-git-tools.html#-EEtatdHY","label":"自定义凭证缓存"}]},{"id":"-4dtXSX","type":"sect1","href":"1-git-tools.html#-4dtXSX","label":"总结","children":[]}]},{"id":"_customizing_git","type":"chapter","href":"1-customizing-git.html","label":"自定义 Git","children":[{"id":"_git_config","type":"sect1","href":"1-customizing-git.html#_git_config","label":"配置 Git","children":[{"id":"-AnTesjIK","type":"sect2","href":"1-customizing-git.html#-AnTesjIK","label":"客户端基本配置"},{"id":"git-ORTqc8IN","type":"sect2","href":"1-customizing-git.html#git-ORTqc8IN","label":"Git 中的着色"},{"id":"_external_merge_tools","type":"sect2","href":"1-customizing-git.html#_external_merge_tools","label":"外部的合并与比较工具"},{"id":"-vdT5F8IE","type":"sect2","href":"1-customizing-git.html#-vdT5F8IE","label":"格式化与多余的空白字符"},{"id":"-nPT6CAIE","type":"sect2","href":"1-customizing-git.html#-nPT6CAIE","label":"服务器端配置"}]},{"id":"git-bRT5hy","type":"sect1","href":"1-customizing-git.html#git-bRT5hy","label":"Git 属性","children":[{"id":"-GpTghPh6","type":"sect2","href":"1-customizing-git.html#-GpTghPh6","label":"二进制文件"},{"id":"_keyword_expansion","type":"sect2","href":"1-customizing-git.html#_keyword_expansion","label":"关键字展开"},{"id":"-znTeHVh0","type":"sect2","href":"1-customizing-git.html#-znTeHVh0","label":"导出版本库"},{"id":"-kaTafzh5","type":"sect2","href":"1-customizing-git.html#-kaTafzh5","label":"合并策略"}]},{"id":"_git_hooks","type":"sect1","href":"1-customizing-git.html#_git_hooks","label":"Git 钩子","children":[{"id":"-GpTWI2i6","type":"sect2","href":"1-customizing-git.html#-GpTWI2i6","label":"安装一个钩子"},{"id":"-PkTZhKiG","type":"sect2","href":"1-customizing-git.html#-PkTZhKiG","label":"客户端钩子"},{"id":"-znTDi8i0","type":"sect2","href":"1-customizing-git.html#-znTDi8i0","label":"服务器端钩子"}]},{"id":"_an_example_git_enforced_policy","type":"sect1","href":"1-customizing-git.html#_an_example_git_enforced_policy","label":"使用强制策略的一个例子","children":[{"id":"-znTbhbH0","type":"sect2","href":"1-customizing-git.html#-znTbhbH0","label":"服务器端钩子"},{"id":"-kaTDiyH5","type":"sect2","href":"1-customizing-git.html#-kaTDiyH5","label":"客户端钩子"}]},{"id":"-GpTpfj","type":"sect1","href":"1-customizing-git.html#-GpTpfj","label":"总结","children":[]}]},{"id":"git-m70tp","type":"chapter","href":"1-git-and-other-scms.html","label":"Git 与其他系统","children":[{"id":"git-WPtgIW","type":"sect1","href":"1-git-and-other-scms.html#git-WPtgIW","label":"作为客户端的 Git","children":[{"id":"_git_svn","type":"sect2","href":"1-git-and-other-scms.html#_git_svn","label":"Git 与 Subversion"},{"id":"git-mercurial-jzteIAIG","type":"sect2","href":"1-git-and-other-scms.html#git-mercurial-jzteIAIG","label":"Git 与 Mercurial"},{"id":"git-perforce-DYteuvIb","type":"sect2","href":"1-git-and-other-scms.html#git-perforce-DYteuvIb","label":"Git 与 Perforce"},{"id":"git-tfs-KZtLiwIX","type":"sect2","href":"1-git-and-other-scms.html#git-tfs-KZtLiwIX","label":"Git 与 TFS"}]},{"id":"_migrating","type":"sect1","href":"1-git-and-other-scms.html#_migrating","label":"迁移到 Git","children":[{"id":"subversion-jztasjuG","type":"sect2","href":"1-git-and-other-scms.html#subversion-jztasjuG","label":"Subversion"},{"id":"mercurial-DYtzIjub","type":"sect2","href":"1-git-and-other-scms.html#mercurial-DYtzIjub","label":"Mercurial"},{"id":"_perforce_import","type":"sect2","href":"1-git-and-other-scms.html#_perforce_import","label":"Perforce"},{"id":"_git_tfs","type":"sect2","href":"1-git-and-other-scms.html#_git_tfs","label":"TFS"},{"id":"_custom_importer","type":"sect2","href":"1-git-and-other-scms.html#_custom_importer","label":"一个自定义的导入器"}]},{"id":"-ojtGiq","type":"sect1","href":"1-git-and-other-scms.html#-ojtGiq","label":"总结","children":[]}]},{"id":"_git_internals","type":"chapter","href":"1-git-internals.html","label":"Git 内部原理","children":[{"id":"_plumbing_porcelain","type":"sect1","href":"1-git-internals.html#_plumbing_porcelain","label":"底层命令和高层命令","children":[]},{"id":"_objects","type":"sect1","href":"1-git-internals.html#_objects","label":"Git 对象","children":[{"id":"_tree_objects","type":"sect2","href":"1-git-internals.html#_tree_objects","label":"树对象"},{"id":"_git_commit_objects","type":"sect2","href":"1-git-internals.html#_git_commit_objects","label":"提交对象"},{"id":"-dZtQcEin","type":"sect2","href":"1-git-internals.html#-dZtQcEin","label":"对象存储"}]},{"id":"_git_refs","type":"sect1","href":"1-git-internals.html#_git_refs","label":"Git 引用","children":[{"id":"_the_head","type":"sect2","href":"1-git-internals.html#_the_head","label":"HEAD 引用"},{"id":"-Gwt3TQIo","type":"sect2","href":"1-git-internals.html#-Gwt3TQIo","label":"标签引用"},{"id":"-n5tvuXIX","type":"sect2","href":"1-git-internals.html#-n5tvuXIX","label":"远程引用"}]},{"id":"-QDtDfj","type":"sect1","href":"1-git-internals.html#-QDtDfj","label":"包文件","children":[]},{"id":"_refspec","type":"sect1","href":"1-git-internals.html#_refspec","label":"引用规格","children":[{"id":"_pushing_refspecs","type":"sect2","href":"1-git-internals.html#_pushing_refspecs","label":"引用规格推送"},{"id":"-7ztxclUe","type":"sect2","href":"1-git-internals.html#-7ztxclUe","label":"删除引用"}]},{"id":"-33tacA","type":"sect1","href":"1-git-internals.html#-33tacA","label":"传输协议","children":[{"id":"-jWtZH1c3","type":"sect2","href":"1-git-internals.html#-jWtZH1c3","label":"哑协议"},{"id":"-MRt6hEcG","type":"sect2","href":"1-git-internals.html#-MRt6hEcG","label":"智能协议"},{"id":"-mVt9Tec2","type":"sect2","href":"1-git-internals.html#-mVt9Tec2","label":"协议总结"}]},{"id":"-6mtXtv","type":"sect1","href":"1-git-internals.html#-6mtXtv","label":"维护与数据恢复","children":[{"id":"_git_gc","type":"sect2","href":"1-git-internals.html#_git_gc","label":"维护"},{"id":"_data_recovery","type":"sect2","href":"1-git-internals.html#_data_recovery","label":"数据恢复"},{"id":"_removing_objects","type":"sect2","href":"1-git-internals.html#_removing_objects","label":"移除对象"}]},{"id":"-jWtdFM","type":"sect1","href":"1-git-internals.html#-jWtdFM","label":"环境变量","children":[{"id":"-mVtbHnF2","type":"sect2","href":"1-git-internals.html#-mVtbHnF2","label":"全局行为"},{"id":"-0Rtyh4Fa","type":"sect2","href":"1-git-internals.html#-0Rtyh4Fa","label":"版本库位置"},{"id":"-oEtZT5FE","type":"sect2","href":"1-git-internals.html#-oEtZT5FE","label":"路径规则"},{"id":"-WDtmu5Fq","type":"sect2","href":"1-git-internals.html#-WDtmu5Fq","label":"提交"},{"id":"-1Qtvi5FR","type":"sect2","href":"1-git-internals.html#-1Qtvi5FR","label":"网络"},{"id":"-PDtYIlFG","type":"sect2","href":"1-git-internals.html#-PDtYIlFG","label":"比较和合并"},{"id":"-xwtEfDFB","type":"sect2","href":"1-git-internals.html#-xwtEfDFB","label":"调试"},{"id":"-4gtZUaFv","type":"sect2","href":"1-git-internals.html#-4gtZUaFv","label":"其它"}]},{"id":"-MRtOC2","type":"sect1","href":"1-git-internals.html#-MRtOC2","label":"总结","children":[]}]},{"id":"git-9lPt1","type":"appendix","href":"1-git-other-environments.html","label":"其它环境中的 Git","children":[{"id":"-e4tqIv","type":"sect1","href":"1-git-other-environments.html#-e4tqIv","label":"图形界面","children":[{"id":"gitk-git-gui-oMt3hzI4","type":"sect2","href":"1-git-other-environments.html#gitk-git-gui-oMt3hzI4","label":"gitk 和 git-gui"},{"id":"mac-windows-github-3OtrHWIj","type":"sect2","href":"1-git-other-environments.html#mac-windows-github-3OtrHWIj","label":"Mac 和 Windows 上的 GitHub 客户端"},{"id":"-k6tATeIb","type":"sect2","href":"1-git-other-environments.html#-k6tATeIb","label":"其它图形界面"}]},{"id":"visual-studio-git-Qbt8hg","type":"sect1","href":"1-git-other-environments.html#visual-studio-git-Qbt8hg","label":"Visual Studio 中的 Git","children":[]},{"id":"eclipse-git-j6tyH7","type":"sect1","href":"1-git-other-environments.html#eclipse-git-j6tyH7","label":"Eclipse 中的 Git","children":[]},{"id":"bash-git-oMtzTx","type":"sect1","href":"1-git-other-environments.html#bash-git-oMtzTx","label":"Bash 中的 Git","children":[]},{"id":"zsh-git-3OtDil","type":"sect1","href":"1-git-other-environments.html#zsh-git-3OtDil","label":"Zsh 中的 Git","children":[]},{"id":"_git_powershell","type":"sect1","href":"1-git-other-environments.html#_git_powershell","label":"Powershell 中的 Git","children":[]},{"id":"-WBt7fp","type":"sect1","href":"1-git-other-environments.html#-WBt7fp","label":"总结","children":[]}]},{"id":"git-jWpfb","type":"appendix","href":"1-embedding-git.html","label":"将 Git 嵌入你的应用","children":[{"id":"git-bxfOIe","type":"sect1","href":"1-embedding-git.html#git-bxfOIe","label":"命令行 Git 方式","children":[]},{"id":"libgit2-e4fgtG","type":"sect1","href":"1-embedding-git.html#libgit2-e4fgtG","label":"Libgit2","children":[{"id":"-Z0fpU9tN","type":"sect2","href":"1-embedding-git.html#-Z0fpU9tN","label":"高级功能"},{"id":"_libgit2_bindings","type":"sect2","href":"1-embedding-git.html#_libgit2_bindings","label":"其它绑定"},{"id":"-2LfnIltM","type":"sect2","href":"1-embedding-git.html#-2LfnIltM","label":"扩展阅读"}]},{"id":"jgit-7WfxT1","type":"sect1","href":"1-embedding-git.html#jgit-7WfxT1","label":"JGit","children":[{"id":"-m2fZiYTW","type":"sect2","href":"1-embedding-git.html#-m2fZiYTW","label":"起步"},{"id":"-nQfWIGTl","type":"sect2","href":"1-embedding-git.html#-nQfWIGTl","label":"底层命令"},{"id":"-5MfDtKTK","type":"sect2","href":"1-embedding-git.html#-5MfDtKTK","label":"高层命令"},{"id":"-1vfWTATJ","type":"sect2","href":"1-embedding-git.html#-1vfWTATJ","label":"拓展阅读"}]}]},{"id":"git-o2OtW","type":"appendix","href":"1-git-commands.html","label":"Git 命令","children":[{"id":"-qJt0Ip","type":"sect1","href":"1-git-commands.html#-qJt0Ip","label":"设置与配置","children":[{"id":"git-config-0ZtRuVIP","type":"sect2","href":"1-git-commands.html#git-config-0ZtRuVIP","label":"git config"},{"id":"git-help-1VtrI0IL","type":"sect2","href":"1-git-commands.html#git-help-1VtrI0IL","label":"git help"}]},{"id":"-XKt7Tb","type":"sect1","href":"1-git-commands.html#-XKt7Tb","label":"获取与创建项目","children":[{"id":"git-init-1VtVuVTL","type":"sect2","href":"1-git-commands.html#git-init-1VtVuVTL","label":"git init"},{"id":"git-clone-5LtDIGTO","type":"sect2","href":"1-git-commands.html#git-clone-5LtDIGTO","label":"git clone"}]},{"id":"-0ZtVsY","type":"sect1","href":"1-git-commands.html#-0ZtVsY","label":"快照基础","children":[{"id":"git-add-5Lt8u4sO","type":"sect2","href":"1-git-commands.html#git-add-5Lt8u4sO","label":"git add"},{"id":"git-status-K6txILsv","type":"sect2","href":"1-git-commands.html#git-status-K6txILsv","label":"git status"},{"id":"git-diff-YztbTxsq","type":"sect2","href":"1-git-commands.html#git-diff-YztbTxsq","label":"git diff"},{"id":"git-difftool-Nytws0sw","type":"sect2","href":"1-git-commands.html#git-difftool-Nytws0sw","label":"git difftool"},{"id":"git-commit-AGtVSOsE","type":"sect2","href":"1-git-commands.html#git-commit-AGtVSOsE","label":"git commit"},{"id":"git-reset-zytwhrs4","type":"sect2","href":"1-git-commands.html#git-reset-zytwhrs4","label":"git reset"},{"id":"git-rm-m6tOfks1","type":"sect2","href":"1-git-commands.html#git-rm-m6tOfks1","label":"git rm"},{"id":"git-mv-8ytqUgs9","type":"sect2","href":"1-git-commands.html#git-mv-8ytqUgs9","label":"git mv"},{"id":"git-clean-krtwcGsZ","type":"sect2","href":"1-git-commands.html#git-clean-krtwcGsZ","label":"git clean"}]},{"id":"-1VtdSd","type":"sect1","href":"1-git-commands.html#-1VtdSd","label":"分支与合并","children":[{"id":"git-branch-K6t3uJSv","type":"sect2","href":"1-git-commands.html#git-branch-K6t3uJSv","label":"git branch"},{"id":"git-checkout-YztgI5Sq","type":"sect2","href":"1-git-commands.html#git-checkout-YztgI5Sq","label":"git checkout"},{"id":"git-merge-NytPTXSw","type":"sect2","href":"1-git-commands.html#git-merge-NytPTXSw","label":"git merge"},{"id":"git-mergetool-AGtqsGSE","type":"sect2","href":"1-git-commands.html#git-mergetool-AGtqsGSE","label":"git mergetool"},{"id":"git-log-zytxS6S4","type":"sect2","href":"1-git-commands.html#git-log-zytxS6S4","label":"git log"},{"id":"git-stash-m6tzh2S1","type":"sect2","href":"1-git-commands.html#git-stash-m6tzh2S1","label":"git stash"},{"id":"git-tag-8ytwfXS9","type":"sect2","href":"1-git-commands.html#git-tag-8ytwfXS9","label":"git tag"}]},{"id":"-5Ltdhr","type":"sect1","href":"1-git-commands.html#-5Ltdhr","label":"项目分享与更新","children":[{"id":"git-fetch-Yzt6uvhq","type":"sect2","href":"1-git-commands.html#git-fetch-Yzt6uvhq","label":"git fetch"},{"id":"git-pull-Nyt2Iehw","type":"sect2","href":"1-git-commands.html#git-pull-Nyt2Iehw","label":"git pull"},{"id":"git-push-AGtETEhE","type":"sect2","href":"1-git-commands.html#git-push-AGtETEhE","label":"git push"},{"id":"git-remote-zytJsKh4","type":"sect2","href":"1-git-commands.html#git-remote-zytJsKh4","label":"git remote"},{"id":"git-archive-m6tpSDh1","type":"sect2","href":"1-git-commands.html#git-archive-m6tpSDh1","label":"git archive"},{"id":"git-submodule-8ytJhah9","type":"sect2","href":"1-git-commands.html#git-submodule-8ytJhah9","label":"git submodule"}]},{"id":"-K6tkf5","type":"sect1","href":"1-git-commands.html#-K6tkf5","label":"检查与比较","children":[{"id":"git-show-YztPiWfq","type":"sect2","href":"1-git-commands.html#git-show-YztPiWfq","label":"git show"},{"id":"git-shortlog-Nytpu8fw","type":"sect2","href":"1-git-commands.html#git-shortlog-Nytpu8fw","label":"git shortlog"},{"id":"git-describe-AGtvIafE","type":"sect2","href":"1-git-commands.html#git-describe-AGtvIafE","label":"git describe"}]},{"id":"-YztvUD","type":"sect1","href":"1-git-commands.html#-YztvUD","label":"调试","children":[{"id":"git-bisect-AGtzu5UE","type":"sect2","href":"1-git-commands.html#git-bisect-AGtzu5UE","label":"git bisect"},{"id":"git-blame-zytqIbU4","type":"sect2","href":"1-git-commands.html#git-blame-zytqIbU4","label":"git blame"},{"id":"git-grep-m6t9TyU1","type":"sect2","href":"1-git-commands.html#git-grep-m6t9TyU1","label":"git grep"}]},{"id":"-Nytgc1","type":"sect1","href":"1-git-commands.html#-Nytgc1","label":"补丁","children":[{"id":"git-cherry-pick-zytAu7c4","type":"sect2","href":"1-git-commands.html#git-cherry-pick-zytAu7c4","label":"git cherry-pick"},{"id":"git-rebase-m6tJIVc1","type":"sect2","href":"1-git-commands.html#git-rebase-m6tJIVc1","label":"git rebase"},{"id":"git-revert-8yteTQc9","type":"sect2","href":"1-git-commands.html#git-revert-8yteTQc9","label":"git revert"}]},{"id":"-AGtYtV","type":"sect1","href":"1-git-commands.html#-AGtYtV","label":"邮件","children":[{"id":"git-apply-m6tKuXt1","type":"sect2","href":"1-git-commands.html#git-apply-m6tKuXt1","label":"git apply"},{"id":"git-am-8ytQIxt9","type":"sect2","href":"1-git-commands.html#git-am-8ytQIxt9","label":"git am"},{"id":"git-format-patch-krtJTdtZ","type":"sect2","href":"1-git-commands.html#git-format-patch-krtJTdtZ","label":"git format-patch"},{"id":"git-imap-send-7btYs3tq","type":"sect2","href":"1-git-commands.html#git-imap-send-7btYs3tq","label":"git imap-send"},{"id":"git-send-email-aKtMSmtE","type":"sect2","href":"1-git-commands.html#git-send-email-aKtMSmtE","label":"git send-email"},{"id":"git-request-pull-r4tghQtn","type":"sect2","href":"1-git-commands.html#git-request-pull-r4tghQtn","label":"git request-pull"}]},{"id":"-zytLF1","type":"sect1","href":"1-git-commands.html#-zytLF1","label":"外部系统","children":[{"id":"git-svn-8ytMu3F9","type":"sect2","href":"1-git-commands.html#git-svn-8ytMu3F9","label":"git svn"},{"id":"git-fast-import-krt1IxFZ","type":"sect2","href":"1-git-commands.html#git-fast-import-krt1IxFZ","label":"git fast-import"}]},{"id":"-m6trC6","type":"sect1","href":"1-git-commands.html#-m6trC6","label":"管理","children":[{"id":"git-gc-krt3uJCZ","type":"sect2","href":"1-git-commands.html#git-gc-krt3uJCZ","label":"git gc"},{"id":"git-fsck-7btVIxCq","type":"sect2","href":"1-git-commands.html#git-fsck-7btVIxCq","label":"git fsck"},{"id":"git-reflog-aKtyTkCE","type":"sect2","href":"1-git-commands.html#git-reflog-aKtyTkCE","label":"git reflog"},{"id":"git-filter-branch-r4t0sDCn","type":"sect2","href":"1-git-commands.html#git-filter-branch-r4t0sDCn","label":"git filter-branch"}]},{"id":"-8ytkHz","type":"sect1","href":"1-git-commands.html#-8ytkHz","label":"底层命令","children":[]}]},{"type":"index","href":"index.html","label":"Index","children":[]}]}}